<?xml version="1.0" encoding="ISO-8859-1"?>
<device version="12" eep_size="1024">
<supported_types>
	<type name="Test S0 Interface (8fach)" id="HBW-Sen-EP" priority="2">
		<parameter index="0" size="1" const_value="153"/>
		<parameter index="1" size="1" const_value="0"/>
		<parameter index="2" size="2" cond_op="GE" const_value="0x0100"/>
	</type>
</supported_types>
<paramset type="MASTER" id="HBW-Sen-EP_dev_master">
	<parameter id="CENTRAL_ADDRESS" hidden="true">
		<logical type="integer"/>
		<physical type="integer" size="4" interface="eeprom">
			<address index="0x0002"/>
		</physical>
	</parameter>
	<enforce id="CENTRAL_ADDRESS" value="1"/>
	<parameter id="Identify_LED">
		<logical type="boolean" default="true"/>
		<physical type="integer" size="1.0" interface="eeprom">
			<address index="0x00FF"/>
		</physical>
		<conversion type="boolean_integer" invert="false"/>
	</parameter>
	<parameter id="LOGGING_TIME">
		<logical type="float" min="0.1" max="25.5" default="2.0" unit="s"/>
		<physical type="integer" size="1.0" interface="eeprom">
			<address index="0x0001"/>
		</physical>
		<conversion type="float_integer_scale" factor="10" offset="0.0"/>
	</parameter>
	<parameter id="DIRECT_LINK_DEACTIVATE" hidden="true">
		<logical type="boolean" default="false"/>
		<physical type="integer" size="0.1" interface="eeprom">
			<address index="0x0006"/>
		</physical>
	</parameter>
	<enforce id="DIRECT_LINK_DEACTIVATE" value="true"/>
</paramset>
<frames>
	<frame id="LEVEL_GET" direction="to_device" type="#S" channel_field="10"/>
	<frame id="INFO_LEVEL" direction="from_device" event="true" type="#i" channel_field="10">
		<parameter type="integer" signed="true" index="11.0" size="4.0" param="COUNTER"/>
		<parameter type="integer" signed="true" index="15.0" size="4.0" param="COUNTERWH"/>
		<parameter type="integer" signed="true" index="19.0" size="2.0" param="COUNTERINTIME"/>
	</frame>
	<frame id="INFO_FREQUENCY" direction="from_device" event="true" type="#i" channel_field="10">
		<parameter type="integer" signed="true" index="11.0" size="4.0" param="STATE"/>
	</frame>
</frames>
<channels>
	<channel index="0" type="MAINTENANCE" ui_flags="internal" class="maintenance" count="1">
		<paramset type="MASTER" id="maint_ch_master"/>
		<paramset type="VALUES" id="maint_ch_values">
			<parameter id="UNREACH" operations="read,event" ui_flags="service">
				<logical type="boolean" operations="read,event"/>
				<physical type="integer" interface="internal" value_id="UNREACH"/>
			</parameter>
			<parameter id="STICKY_UNREACH" operations="read,write,event" ui_flags="service">
				<logical type="boolean"/>
				<physical type="integer" interface="internal" value_id="STICKY_UNREACH"/>
			</parameter>
			<parameter id="CONFIG_PENDING" operations="read,event" ui_flags="service">
				<logical type="boolean"/>
				<physical type="integer" interface="internal" value_id="CONFIG_PENDING"/>
			</parameter>
		</paramset>
	</channel>
	<channel index="1" physical_index_offset="-1" count="8" type="COUNTER_INPUT">
		<paramset type="MASTER" id="hmw_input_ch_master" address_start="0x07" address_step="8">
			<parameter id="SEND_DELTA_COUNT">
				<logical type="integer" min="1" max="1000" default="1"/>
				<physical type="integer" size="2.0" interface="eeprom" endian="little">
					<address index="+0.0"/>
				</physical>
			</parameter>
			<parameter id="SEND_MIN_INTERVAL">
				<logical type="integer" min="0" max="3600" default="10" unit="s"/>
				<physical type="integer" size="2.0" interface="eeprom" endian="little">
					<address index="+2.0"/>
				</physical>
			</parameter>
			<parameter id="SEND_MAX_INTERVAL">
				<logical type="integer" min="5" max="3600" default="600" unit="s"/>
				<physical type="integer" size="2.0" interface="eeprom" endian="little">
					<address index="+4.0"/>
				</physical>
			</parameter>	
			<parameter id="IMPULSE_PRO_EINHEIT">
				<logical type="integer" min="1000" max="2000" default="1000" unit="s"/>
				<physical type="integer" size="2.0" interface="eeprom" endian="little">
					<address index="+6.0"/>
				</physical>
			</parameter>	
		</paramset>		
		<paramset type="VALUES" id="hmw_input_ch_values">
			<parameter id="GESAMT" operations="read,event" control="NONE">
				<logical type="float" min="0" max="4294967295"/>
				<physical type="integer" interface="command" value_id="COUNTER">
					<get request="LEVEL_GET" response="INFO_LEVEL"/>
					<event frame="INFO_LEVEL"/>
				</physical>
				<conversion type="float_integer_scale" factor="1"/>
			</parameter>
			<parameter id="WATT_STUNDEN" operations="read,event" control="NONE">
				<logical type="float" min="0" max="4294967295"/>
				<physical type="integer" interface="command" value_id="COUNTERWH">
					<get request="LEVEL_GET" response="INFO_LEVEL"/>
					<event frame="INFO_LEVEL"/>
				</physical>
				<conversion type="float_integer_scale" factor="1"/>
			</parameter>
			<parameter id="IM_ZEITINTERVALL" operations="read,event" control="NONE">
				<logical type="float" min="0" max="65535"/>
				<physical type="integer" interface="command" value_id="COUNTERINTIME">
					<get request="LEVEL_GET" response="INFO_LEVEL"/>
					<event frame="INFO_LEVEL"/>
				</physical>
				<conversion type="float_integer_scale" factor="1"/>
			</parameter>
		</paramset>
	</channel>
</channels>
</device>